seed_id,label
2,broken
11,pure
13,pure
19,broken
27,broken
30,pure
32,pure
41,pure
42,broken
43,pure
44,pure
45,discolored
53,broken
57,broken
74,pure
75,broken
79,pure
87,pure
90,pure
92,discolored
93,pure
101,broken
107,broken
115,broken
118,pure
137,pure
140,broken
144,pure
151,broken
153,pure
159,pure
165,silkcut
172,silkcut
191,broken
195,broken
199,pure
200,pure
205,pure
207,pure
212,broken
219,pure
223,broken
231,pure
233,pure
248,broken
249,broken
257,discolored
263,pure
269,broken
272,broken
283,pure
291,discolored
300,broken
301,pure
320,pure
324,broken
336,pure
337,pure
364,pure
365,broken
371,broken
382,broken
384,silkcut
385,pure
387,pure
407,pure
408,broken
411,pure
412,pure
414,pure
421,pure
424,pure
432,pure
434,pure
440,broken
441,broken
443,broken
448,pure
475,broken
482,pure
484,pure
490,pure
504,pure
506,broken
511,silkcut
517,pure
527,pure
528,pure
536,broken
537,silkcut
541,pure
548,silkcut
554,pure
574,discolored
582,broken
595,broken
598,broken
602,discolored
607,broken
617,pure
620,discolored
623,broken
624,pure
627,broken
630,pure
650,broken
653,silkcut
659,discolored
668,broken
675,pure
679,broken
682,pure
685,silkcut
687,broken
699,broken
706,pure
717,pure
726,discolored
730,discolored
736,pure
745,pure
746,broken
754,broken
764,pure
766,pure
771,broken
779,discolored
795,broken
813,broken
815,pure
819,silkcut
834,pure
843,broken
854,pure
858,silkcut
865,broken
872,silkcut
885,pure
889,broken
890,discolored
891,pure
894,pure
900,pure
901,pure
906,pure
908,discolored
909,pure
910,pure
913,broken
917,pure
923,pure
927,pure
932,pure
934,pure
941,pure
951,discolored
957,pure
963,silkcut
964,silkcut
965,discolored
968,broken
972,pure
973,pure
974,pure
980,broken
986,pure
989,silkcut
993,broken
998,broken
1017,broken
1018,pure
1028,broken
1037,discolored
1041,pure
1043,pure
1048,broken
1049,pure
1056,pure
1057,pure
1060,pure
1063,pure
1067,broken
1071,discolored
1072,silkcut
1073,broken
1077,broken
1081,pure
1088,broken
1089,silkcut
1092,pure
1116,pure
1120,pure
1124,pure
1125,pure
1137,silkcut
1139,pure
1143,pure
1150,pure
1156,discolored
1161,pure
1162,broken
1163,pure
1167,broken
1172,broken
1179,pure
1186,broken
1196,broken
1203,broken
1204,broken
1222,pure
1223,broken
1226,broken
1252,broken
1258,broken
1263,pure
1264,discolored
1267,discolored
1270,broken
1274,pure
1282,discolored
1292,discolored
1298,pure
1299,broken
1306,broken
1314,pure
1319,discolored
1323,broken
1325,pure
1328,broken
1336,broken
1339,pure
1341,discolored
1357,pure
1364,broken
1376,discolored
1379,broken
1380,broken
1381,broken
1386,pure
1390,broken
1393,pure
1399,pure
1401,broken
1405,broken
1412,pure
1414,broken
1421,broken
1422,pure
1425,discolored
1434,pure
1439,discolored
1451,pure
1459,broken
1460,discolored
1461,silkcut
1465,discolored
1472,broken
1484,pure
1502,pure
1505,pure
1515,discolored
1517,discolored
1518,discolored
1526,silkcut
1533,broken
1550,pure
1559,broken
1574,pure
1578,pure
1593,pure
1595,pure
1598,broken
1599,pure
1603,broken
1604,pure
1616,silkcut
1618,discolored
1620,silkcut
1645,silkcut
1648,pure
1670,broken
1673,pure
1681,broken
1686,pure
1691,broken
1694,broken
1712,pure
1717,broken
1722,broken
1723,broken
1725,silkcut
1726,broken
1727,discolored
1738,pure
1740,discolored
1742,pure
1744,discolored
1757,pure
1759,pure
1761,broken
1776,pure
1777,broken
1781,broken
1784,broken
1786,broken
1788,broken
1790,silkcut
1791,pure
1794,pure
1796,pure
1808,pure
1810,discolored
1812,pure
1816,broken
1824,pure
1825,pure
1826,broken
1828,discolored
1830,pure
1831,broken
1843,pure
1844,pure
1848,broken
1850,pure
1851,silkcut
1855,broken
1865,pure
1866,pure
1870,pure
1874,pure
1890,broken
1893,pure
1896,pure
1908,pure
1909,pure
1911,discolored
1913,broken
1915,pure
1916,broken
1919,discolored
1928,discolored
1937,broken
1941,silkcut
1942,pure
1944,silkcut
1947,discolored
1951,pure
1952,discolored
1960,pure
1964,silkcut
1966,discolored
1969,pure
1991,broken
2002,broken
2003,broken
2005,broken
2006,discolored
2007,pure
2009,silkcut
2011,silkcut
2014,pure
2015,broken
2021,pure
2022,pure
2030,broken
2056,broken
2058,pure
2061,broken
2062,broken
2084,pure
2088,broken
2089,pure
2090,pure
2094,pure
2095,broken
2100,pure
2106,pure
2109,pure
2110,broken
2114,broken
2117,broken
2126,broken
2127,pure
2138,pure
2139,pure
2140,pure
2156,pure
2161,pure
2165,discolored
2169,pure
2172,pure
2178,pure
2186,pure
2199,broken
2208,pure
2221,pure
2224,pure
2232,discolored
2233,pure
2246,broken
2249,pure
2250,pure
2260,broken
2278,discolored
2282,pure
2283,broken
2291,pure
2295,pure
2304,broken
2308,broken
2309,broken
2311,pure
2315,pure
2325,broken
2327,pure
2328,broken
2332,pure
2340,broken
2345,silkcut
2348,discolored
2360,silkcut
2361,broken
2367,pure
2370,broken
2372,pure
2374,broken
2376,broken
2377,pure
2378,broken
2381,discolored
2385,pure
2389,pure
2390,pure
2392,discolored
2393,pure
2395,broken
2398,broken
2404,pure
2415,pure
2418,pure
2428,pure
2431,silkcut
2434,broken
2435,discolored
2439,pure
2444,pure
2447,broken
2454,broken
2459,discolored
2474,pure
2480,silkcut
2484,broken
2487,broken
2491,pure
2499,pure
2528,pure
2529,pure
2531,pure
2535,pure
2540,silkcut
2547,discolored
2548,pure
2557,silkcut
2562,pure
2566,silkcut
2567,pure
2577,broken
2578,pure
2583,broken
2586,pure
2587,silkcut
2589,discolored
2597,pure
2599,pure
2622,broken
2624,pure
2635,broken
2639,discolored
2640,silkcut
2645,broken
2647,pure
2648,pure
2650,pure
2651,pure
2654,pure
2664,broken
2666,broken
2668,broken
2670,pure
2675,pure
2694,broken
2699,pure
2717,broken
2719,broken
2734,broken
2742,pure
2747,broken
2756,discolored
2759,pure
2762,broken
2769,pure
2773,pure
2784,pure
2801,broken
2805,pure
2806,pure
2812,discolored
2821,pure
2827,broken
2828,silkcut
2831,silkcut
2832,broken
2835,pure
2838,broken
2841,discolored
2844,pure
2845,broken
2851,broken
2861,pure
2867,pure
2872,silkcut
2887,broken
2890,pure
2901,broken
2909,broken
2916,pure
2921,broken
2923,broken
2925,pure
2933,broken
2934,pure
2940,broken
2943,broken
2944,broken
2946,pure
2947,broken
2948,broken
2954,pure
2958,pure
2962,broken
2969,pure
2974,broken
2979,pure
2982,silkcut
2989,broken
2990,pure
2997,pure
3004,pure
3005,broken
3008,pure
3010,broken
3011,broken
3015,broken
3017,pure
3022,broken
3030,broken
3031,broken
3034,silkcut
3035,pure
3036,pure
3048,broken
3061,pure
3065,broken
3068,broken
3082,discolored
3083,pure
3085,discolored
3088,discolored
3100,pure
3101,broken
3108,discolored
3112,pure
3117,discolored
3120,pure
3123,broken
3124,discolored
3125,pure
3129,discolored
3141,discolored
3163,broken
3166,discolored
3169,broken
3173,broken
3175,discolored
3184,broken
3185,discolored
3186,broken
3192,broken
3197,broken
3221,pure
3224,broken
3229,pure
3234,pure
3239,broken
3241,broken
3246,broken
3249,pure
3253,pure
3254,pure
3258,broken
3268,broken
3270,pure
3272,pure
3279,silkcut
3286,discolored
3289,pure
3303,pure
3317,pure
3318,pure
3320,pure
3326,broken
3330,broken
3340,discolored
3345,pure
3350,pure
3357,pure
3372,pure
3373,pure
3375,pure
3380,broken
3384,discolored
3393,pure
3398,pure
3399,silkcut
3400,broken
3409,broken
3415,pure
3416,silkcut
3422,broken
3428,pure
3438,broken
3440,discolored
3441,pure
3448,pure
3461,pure
3471,pure
3476,pure
3478,broken
3481,broken
3488,discolored
3500,pure
3509,pure
3510,pure
3512,pure
3528,broken
3533,pure
3535,pure
3542,pure
3547,pure
3552,broken
3554,discolored
3557,discolored
3558,pure
3560,broken
3561,broken
3566,pure
3568,pure
3569,pure
3584,broken
3592,broken
3595,broken
3600,silkcut
3602,pure
3603,pure
3607,pure
3609,broken
3621,silkcut
3625,pure
3629,discolored
3644,broken
3651,broken
3654,discolored
3656,pure
3659,broken
3660,pure
3670,broken
3671,broken
3672,discolored
3678,broken
3686,broken
3695,silkcut
3703,pure
3704,pure
3727,discolored
3733,pure
3740,broken
3744,broken
3747,broken
3762,pure
3764,silkcut
3775,pure
3777,pure
3780,broken
3785,broken
3789,pure
3790,pure
3793,pure
3800,discolored
3802,broken
3803,pure
3808,pure
3810,broken
3832,broken
3844,pure
3845,broken
3853,broken
3856,discolored
3862,pure
3878,discolored
3880,discolored
3886,pure
3899,discolored
3905,pure
3906,broken
3909,broken
3910,silkcut
3919,broken
3921,pure
3923,silkcut
3929,discolored
3930,discolored
3934,discolored
3939,broken
3941,pure
3943,pure
3944,pure
3945,pure
3948,broken
3951,pure
3955,pure
3971,silkcut
3972,pure
3983,broken
3990,pure
3992,broken
3993,discolored
3999,pure
4008,pure
4017,pure
4020,pure
4024,broken
4028,pure
4038,broken
4043,pure
4052,pure
4058,silkcut
4060,discolored
4068,broken
4069,broken
4070,pure
4074,pure
4084,pure
4088,discolored
4091,broken
4096,broken
4102,broken
4107,broken
4110,discolored
4113,discolored
4116,discolored
4119,broken
4128,pure
4133,pure
4137,pure
4142,pure
4146,broken
4157,pure
4158,broken
4164,broken
4174,broken
4181,pure
4182,pure
4189,broken
4196,broken
4206,pure
4212,pure
4227,broken
4228,pure
4230,pure
4232,pure
4238,discolored
4241,pure
4247,broken
4251,pure
4272,pure
4281,broken
4285,pure
4286,pure
4289,pure
4293,pure
4299,pure
4309,pure
4310,broken
4311,broken
4315,broken
4318,pure
4337,discolored
4341,pure
4344,discolored
4347,broken
4355,pure
4357,pure
4370,pure
4371,broken
4374,pure
4375,pure
4382,pure
4385,broken
4386,pure
4388,pure
4394,pure
4396,pure
4400,discolored
4409,broken
4411,discolored
4417,broken
4421,discolored
4423,broken
4437,pure
4450,pure
4451,pure
4453,pure
4454,broken
4456,broken
4463,broken
4466,pure
4473,silkcut
4479,pure
4491,pure
4496,pure
4501,broken
4502,broken
4509,silkcut
4515,broken
4516,pure
4519,broken
4522,broken
4525,pure
4529,pure
4537,pure
4542,broken
4548,broken
4552,broken
4553,broken
4559,broken
4574,broken
4582,broken
4584,broken
4597,pure
4598,broken
4602,broken
4612,discolored
4617,pure
4619,pure
4626,pure
4628,broken
4634,pure
4637,pure
4649,broken
4653,broken
4654,pure
4667,broken
4671,discolored
4673,pure
4681,broken
4685,pure
4690,discolored
4691,pure
4692,pure
4697,pure
4703,pure
4712,silkcut
4715,pure
4730,broken
4736,discolored
4738,broken
4741,discolored
4743,pure
4744,pure
4748,broken
4749,broken
4757,pure
4758,pure
4759,discolored
4773,broken
4774,silkcut
4778,broken
4793,broken
4797,discolored
4799,broken
4801,pure
4805,broken
4819,discolored
4820,silkcut
4821,discolored
4822,broken
4824,discolored
4827,broken
4831,pure
4838,broken
4841,broken
4853,broken
4854,broken
4859,broken
4864,discolored
4866,broken
4874,pure
4877,broken
4878,silkcut
4880,broken
4885,pure
4889,pure
4890,pure
4894,pure
4896,broken
4902,pure
4904,pure
4905,broken
4906,pure
4914,discolored
4926,pure
4929,discolored
4930,silkcut
4937,broken
4948,broken
4958,broken
4961,pure
4963,pure
4964,discolored
4965,pure
4984,silkcut
4991,discolored
4996,broken
5004,pure
5009,pure
5010,broken
5023,pure
5026,broken
5027,pure
5029,broken
5040,pure
5044,pure
5045,broken
5046,silkcut
5056,pure
5065,broken
5071,pure
5079,pure
5083,pure
5094,pure
5095,pure
5096,discolored
5099,broken
5104,broken
5105,discolored
5106,broken
5107,pure
5108,pure
5112,broken
5115,broken
5118,pure
5120,broken
5125,broken
5127,pure
5132,pure
5136,broken
5138,silkcut
5140,broken
5148,pure
5149,discolored
5152,discolored
5154,discolored
5161,pure
5163,pure
5165,broken
5176,pure
5179,discolored
5186,pure
5188,discolored
5192,silkcut
5197,pure
5198,pure
5203,broken
5204,broken
5220,pure
5232,pure
5234,broken
5235,broken
5241,broken
5242,broken
5245,silkcut
5246,pure
5253,broken
5267,broken
5269,broken
5279,broken
5300,discolored
5305,pure
5306,pure
5309,pure
5314,pure
5315,broken
5316,broken
5329,silkcut
5332,pure
5336,broken
5337,broken
5341,pure
5348,pure
5353,broken
5371,silkcut
5372,broken
5374,broken
5376,pure
5378,broken
5387,broken
5394,silkcut
5404,broken
5408,broken
5412,broken
5414,pure
5417,broken
5419,pure
5422,pure
5433,broken
5444,discolored
5448,pure
5456,broken
5457,broken
5465,broken
5468,pure
5477,discolored
5482,broken
5498,pure
5499,discolored
5510,pure
5515,pure
5524,silkcut
5525,discolored
5529,broken
5538,pure
5546,broken
5551,pure
5554,pure
5563,pure
5571,pure
5573,pure
5575,pure
5576,pure
5578,pure
5579,pure
5592,discolored
5593,pure
5596,pure
5597,pure
5600,broken
5603,broken
5615,pure
5619,pure
5623,pure
5630,pure
5642,discolored
5645,discolored
5649,broken
5655,silkcut
5656,pure
5658,broken
5660,pure
5664,pure
5673,broken
5681,broken
5684,broken
5685,pure
5687,pure
5688,pure
5691,pure
5692,broken
5694,pure
5699,pure
5701,broken
5704,broken
5706,broken
5708,broken
5709,pure
5710,pure
5717,silkcut
5718,pure
5724,silkcut
5729,discolored
5731,broken
5742,broken
5752,pure
5759,pure
5762,broken
5766,discolored
5773,broken
5779,discolored
5783,silkcut
5785,pure
5786,pure
5794,pure
5796,silkcut
5797,discolored
5800,silkcut
5804,pure
5814,discolored
5815,broken
5818,broken
5820,pure
5821,pure
5835,pure
5836,silkcut
5839,broken
5843,pure
5848,pure
5849,broken
5853,broken
5867,silkcut
5869,pure
5870,pure
5874,silkcut
5886,broken
5891,broken
5895,pure
5902,broken
5905,broken
5913,broken
5929,broken
5930,silkcut
5946,pure
5956,broken
5964,pure
5965,pure
5966,broken
5967,pure
5970,discolored
5975,broken
5976,pure
5985,pure
5986,discolored
5988,pure
5990,broken
6004,pure
6007,pure
6008,pure
6009,broken
6012,broken
6017,broken
6019,pure
6020,pure
6021,pure
6022,silkcut
6025,silkcut
6027,pure
6028,broken
6029,broken
6032,pure
6035,broken
6044,silkcut
6050,pure
6052,pure
6059,pure
6060,broken
6067,pure
6068,pure
6069,silkcut
6070,discolored
6085,broken
6087,pure
6100,discolored
6107,pure
6112,silkcut
6119,broken
6121,broken
6126,silkcut
6134,pure
6138,broken
6145,broken
6146,broken
6149,pure
6162,pure
6163,broken
6164,broken
6172,broken
6176,discolored
6180,broken
6183,pure
6188,broken
6196,pure
6197,discolored
6199,pure
6212,pure
6216,broken
6224,silkcut
6229,pure
6234,broken
6237,discolored
6239,broken
6258,discolored
6259,discolored
6278,discolored
6292,broken
6297,pure
6299,pure
6302,broken
6310,broken
6312,pure
6337,broken
6338,pure
6342,broken
6344,pure
6358,broken
6359,pure
6360,pure
6374,pure
6376,broken
6381,silkcut
6388,silkcut
6391,broken
6397,broken
6401,silkcut
6404,pure
6414,pure
6416,broken
6419,discolored
6427,pure
6437,broken
6442,broken
6443,broken
6448,pure
6457,pure
6458,pure
6459,broken
6460,broken
6461,broken
6468,broken
6474,pure
6476,discolored
6481,pure
6483,pure
6487,pure
6494,pure
6510,pure
6511,broken
6527,pure
6532,broken
6549,broken
6551,pure
6552,pure
6559,broken
6562,broken
6563,broken
6567,pure
6569,pure
6579,broken
6600,pure
6607,pure
6615,pure
6629,broken
6634,pure
6640,discolored
6650,pure
6653,pure
6658,pure
6662,pure
6665,discolored
6676,silkcut
6680,pure
6684,broken
6686,discolored
6688,silkcut
6692,broken
6696,discolored
6699,pure
6701,pure
6705,pure
6707,broken
6709,broken
6713,broken
6715,pure
6716,pure
6728,pure
6729,pure
6730,discolored
6733,broken
6740,broken
6744,discolored
6752,broken
6763,broken
6765,pure
6768,discolored
6770,discolored
6772,silkcut
6773,broken
6775,pure
6776,pure
6785,pure
6789,pure
6790,broken
6793,pure
6794,silkcut
6798,discolored
6799,broken
6800,broken
6805,pure
6806,pure
6819,silkcut
6820,pure
6829,broken
6835,pure
6837,broken
6844,broken
6848,silkcut
6901,pure
6902,broken
6907,pure
6909,pure
6911,broken
6915,pure
6919,discolored
6925,broken
6932,pure
6936,pure
6938,silkcut
6940,broken
6944,broken
6953,silkcut
6956,discolored
6957,broken
6961,pure
6973,pure
6976,pure
6979,pure
6984,pure
6987,broken
6988,broken
6999,pure
7004,broken
7007,discolored
7012,broken
7019,pure
7021,pure
7030,pure
7041,broken
7046,discolored
7053,broken
7057,pure
7091,discolored
7094,pure
7098,pure
7099,pure
7107,pure
7111,silkcut
7122,broken
7130,pure
7138,broken
7143,broken
7146,broken
7148,discolored
7152,broken
7156,pure
7157,pure
7165,pure
7173,silkcut
7177,broken
7185,silkcut
7187,broken
7188,silkcut
7189,pure
7190,pure
7194,broken
7196,pure
7199,broken
7204,broken
7208,pure
7209,pure
7215,pure
7219,discolored
7220,broken
7231,broken
7237,discolored
7239,silkcut
7245,pure
7247,pure
7257,silkcut
7258,broken
7264,pure
7268,broken
7274,pure
7275,pure
7276,broken
7278,broken
7279,broken
7281,broken
7287,pure
7297,pure
7300,broken
7304,silkcut
7307,pure
7308,broken
7313,pure
7325,pure
7327,pure
7330,broken
7338,pure
7342,broken
7344,broken
7350,pure
7351,pure
7359,broken
7366,silkcut
7370,pure
7374,pure
7375,silkcut
7377,discolored
7379,broken
7390,pure
7391,broken
7393,broken
7402,broken
7405,broken
7411,pure
7418,discolored
7424,silkcut
7428,pure
7442,broken
7446,pure
7451,pure
7454,pure
7464,broken
7465,discolored
7477,discolored
7504,pure
7514,broken
7515,pure
7526,broken
7531,broken
7540,discolored
7542,pure
7543,silkcut
7550,discolored
7553,pure
7555,broken
7565,broken
7576,discolored
7577,discolored
7581,pure
7584,silkcut
7593,pure
7594,silkcut
7599,broken
7602,discolored
7615,discolored
7616,pure
7620,pure
7622,discolored
7631,pure
7637,silkcut
7642,pure
7659,pure
7661,broken
7664,pure
7666,discolored
7670,pure
7672,silkcut
7684,pure
7685,broken
7690,broken
7692,pure
7703,pure
7707,pure
7715,pure
7720,pure
7724,pure
7727,broken
7728,pure
7738,pure
7739,pure
7740,pure
7742,pure
7748,silkcut
7751,pure
7753,broken
7754,pure
7758,discolored
7763,pure
7771,silkcut
7774,pure
7806,pure
7809,broken
7811,broken
7814,pure
7820,discolored
7823,broken
7830,broken
7838,broken
7846,discolored
7848,pure
7849,pure
7856,broken
7861,pure
7869,pure
7872,pure
7883,broken
7888,pure
7893,discolored
7898,discolored
7899,pure
7904,broken
7905,discolored
7908,broken
7911,discolored
7913,broken
7925,discolored
7927,pure
7933,pure
7947,pure
7949,pure
7951,silkcut
7954,discolored
7957,broken
7960,pure
7967,broken
7968,discolored
7971,pure
7978,broken
7981,pure
7982,discolored
7985,broken
7987,pure
8001,pure
8003,broken
8006,broken
8007,broken
8014,broken
8019,broken
8020,broken
8024,broken
8031,broken
8032,pure
8033,pure
8034,pure
8036,broken
8052,pure
8060,pure
8068,pure
8070,pure
8080,silkcut
8081,broken
8082,pure
8089,pure
8090,pure
8091,silkcut
8103,pure
8110,pure
8118,broken
8119,broken
8124,pure
8130,pure
8133,pure
8135,pure
8142,discolored
8151,broken
8152,discolored
8156,broken
8160,pure
8166,discolored
8172,broken
8174,pure
8175,broken
8185,discolored
8193,pure
8202,pure
8205,pure
8206,pure
8213,discolored
8214,broken
8215,broken
8219,broken
8228,broken
8229,silkcut
8231,pure
8236,discolored
8259,pure
8264,discolored
8284,pure
8288,pure
8308,discolored
8310,silkcut
8313,pure
8315,pure
8322,pure
8326,broken
8335,broken
8340,pure
8342,pure
8355,broken
8361,discolored
8366,broken
8394,pure
8396,silkcut
8399,broken
8402,pure
8408,broken
8412,broken
8413,pure
8419,broken
8429,pure
8430,discolored
8436,silkcut
8440,pure
8455,pure
8459,broken
8460,pure
8461,pure
8462,broken
8480,broken
8481,discolored
8485,pure
8487,pure
8493,silkcut
8499,discolored
8503,broken
8504,broken
8505,broken
8532,pure
8536,pure
8539,broken
8545,pure
8553,pure
8554,pure
8561,broken
8562,pure
8569,pure
8570,silkcut
8571,pure
8572,pure
8586,broken
8592,pure
8596,pure
8605,pure
8607,discolored
8614,pure
8615,silkcut
8632,broken
8634,broken
8643,discolored
8645,pure
8654,discolored
8656,silkcut
8663,broken
8665,silkcut
8669,broken
8670,broken
8685,pure
8689,pure
8698,silkcut
8702,broken
8707,pure
8709,broken
8712,broken
8714,pure
8715,pure
8716,pure
8718,pure
8719,broken
8723,pure
8724,broken
8727,pure
8732,broken
8733,pure
8743,silkcut
8746,pure
8751,pure
8752,broken
8754,broken
8762,silkcut
8763,broken
8766,broken
8769,silkcut
8776,broken
8785,pure
8789,pure
8791,discolored
8799,pure
8804,pure
8808,broken
8822,broken
8836,broken
8838,pure
8841,pure
8849,pure
8850,pure
8857,pure
8863,broken
8867,broken
8870,discolored
8878,discolored
8879,broken
8881,discolored
8885,broken
8888,broken
8902,pure
8925,pure
8927,broken
8947,pure
8950,silkcut
8952,broken
8953,pure
8959,broken
8961,broken
8962,broken
8964,broken
8968,broken
8970,broken
8978,pure
8980,broken
8993,broken
8995,pure
9001,pure
9002,broken
9014,pure
9019,broken
9032,broken
9036,discolored
9037,broken
9039,pure
9052,broken
9054,discolored
9058,broken
9059,broken
9070,pure
9075,pure
9084,broken
9091,broken
9095,silkcut
9100,discolored
9102,broken
9103,pure
9115,pure
9119,pure
9124,pure
9130,pure
9138,broken
9139,broken
9140,broken
9151,pure
9152,broken
9155,broken
9156,pure
9165,pure
9166,broken
9167,broken
9171,broken
9175,pure
9180,broken
9188,pure
9194,broken
9199,broken
9215,broken
9228,pure
9229,broken
9237,broken
9253,broken
9272,silkcut
9280,pure
9281,discolored
9284,broken
9286,pure
9289,pure
9294,silkcut
9299,broken
9303,broken
9305,broken
9315,pure
9333,broken
9334,discolored
9340,pure
9349,pure
9353,pure
9359,pure
9364,broken
9372,silkcut
9378,broken
9380,discolored
9383,broken
9386,pure
9388,broken
9401,pure
9403,pure
9404,pure
9409,broken
9415,broken
9421,pure
9422,broken
9440,broken
9443,pure
9454,pure
9455,pure
9462,silkcut
9468,pure
9470,pure
9477,broken
9479,broken
9484,pure
9489,pure
9490,discolored
9492,pure
9497,silkcut
9499,pure
9504,pure
9506,pure
9508,pure
9510,pure
9511,discolored
9512,pure
9514,pure
9520,broken
9521,pure
9524,pure
9551,broken
9560,pure
9563,pure
9571,broken
9576,discolored
9579,discolored
9584,silkcut
9588,pure
9592,discolored
9603,broken
9605,pure
9607,pure
9617,pure
9630,broken
9632,discolored
9635,pure
9639,pure
9646,discolored
9649,broken
9653,pure
9660,pure
9665,silkcut
9678,silkcut
9679,silkcut
9685,pure
9690,pure
9692,pure
9695,pure
9697,broken
9703,pure
9706,broken
9710,pure
9711,pure
9718,discolored
9740,broken
9743,silkcut
9748,pure
9750,pure
9753,broken
9757,pure
9758,pure
9761,broken
9771,broken
9773,broken
9782,pure
9783,silkcut
9786,discolored
9791,discolored
9797,pure
9801,pure
9802,broken
9803,broken
9805,broken
9812,discolored
9829,pure
9834,pure
9848,discolored
9852,broken
9854,pure
9868,pure
9871,broken
9877,pure
9882,pure
9883,pure
9884,broken
9889,pure
9890,pure
9893,discolored
9894,pure
9899,pure
9904,pure
9909,broken
9911,pure
9916,broken
9918,pure
9920,broken
9921,broken
9925,pure
9928,pure
9929,pure
9932,pure
9948,broken
9958,pure
9961,broken
9967,pure
9969,pure
9976,pure
9978,pure
9982,broken
9986,pure
9987,broken
9991,broken
9999,broken
10004,pure
10009,pure
10011,pure
10015,broken
10016,pure
10028,pure
10029,discolored
10034,pure
10035,pure
10039,pure
10048,broken
10050,discolored
10060,broken
10061,discolored
10065,discolored
10068,broken
10072,pure
10073,broken
10077,pure
10091,broken
10093,broken
10112,pure
10113,pure
10115,broken
10120,pure
10124,pure
10135,broken
10141,pure
10142,silkcut
10152,pure
10153,pure
10157,pure
10158,broken
10159,broken
10165,broken
10169,pure
10174,pure
10183,broken
10187,pure
10189,discolored
10191,pure
10193,discolored
10197,discolored
10209,pure
10212,silkcut
10214,broken
10216,broken
10217,broken
10227,pure
10230,pure
10235,broken
10237,pure
10249,pure
10253,silkcut
10254,broken
10258,pure
10262,pure
10264,pure
10272,pure
10273,broken
10274,pure
10276,pure
10283,pure
10294,pure
10296,discolored
10300,broken
10303,pure
10307,broken
10308,pure
10314,pure
10321,pure
10324,broken
10327,broken
10328,discolored
10331,broken
10340,silkcut
10345,discolored
10346,broken
10350,silkcut
10355,broken
10360,discolored
10372,broken
10373,silkcut
10377,pure
10378,silkcut
10380,broken
10387,broken
10391,pure
10400,broken
10403,broken
10404,broken
10407,pure
10408,broken
10410,broken
10412,pure
10413,broken
10432,pure
10435,broken
10441,pure
10443,broken
10447,broken
10449,broken
10450,pure
10462,pure
10465,discolored
10474,pure
10477,broken
10479,broken
10487,pure
10488,silkcut
10489,pure
10499,broken
10500,pure
10506,broken
10516,broken
10524,broken
10529,pure
10535,pure
10538,discolored
10539,broken
10540,pure
10543,pure
10550,pure
10551,pure
10552,broken
10556,broken
10563,broken
10565,broken
10566,broken
10568,broken
10573,broken
10580,pure
10583,broken
10585,pure
10599,pure
10608,pure
10610,broken
10624,broken
10632,discolored
10652,pure
10659,pure
10660,discolored
10662,pure
10664,pure
10666,pure
10678,pure
10687,broken
10690,broken
10693,pure
10702,pure
10711,pure
10716,silkcut
10719,broken
10721,pure
10722,pure
10725,pure
10730,broken
10748,broken
10751,broken
10755,pure
10763,silkcut
10767,pure
10768,discolored
10770,pure
10772,pure
10776,pure
10781,broken
10792,broken
10803,broken
10809,pure
10811,pure
10817,pure
10818,silkcut
10823,broken
10827,silkcut
10829,pure
10831,pure
10832,pure
10834,broken
10842,pure
10853,broken
10867,broken
10870,broken
10880,pure
10893,pure
10896,pure
10897,pure
10902,pure
10905,pure
10910,broken
10911,broken
10915,broken
10916,pure
10921,broken
10923,broken
10928,broken
10932,pure
10933,silkcut
10936,pure
10955,broken
10957,pure
10960,pure
10961,silkcut
10962,pure
10977,pure
10980,pure
10981,silkcut
10984,broken
10985,pure
10986,discolored
10989,pure
10990,broken
11017,discolored
11026,pure
11027,pure
11029,pure
11036,broken
11041,pure
11042,pure
11052,broken
11071,broken
11080,discolored
11090,broken
11098,pure
11101,broken
11102,broken
11103,pure
11108,broken
11112,pure
11131,discolored
11140,broken
11141,pure
11152,broken
11153,silkcut
11157,broken
11161,discolored
11172,broken
11177,pure
11180,pure
11182,broken
11183,pure
11188,discolored
11191,discolored
11192,pure
11193,discolored
11195,pure
11212,pure
11215,broken
11216,pure
11218,discolored
11219,pure
11220,silkcut
11221,pure
11230,discolored
11233,silkcut
11241,pure
11249,broken
11256,discolored
11260,broken
11263,broken
11265,pure
11268,pure
11272,broken
11275,pure
11284,broken
11291,broken
11296,pure
11302,silkcut
11306,pure
11308,broken
11313,pure
11318,pure
11324,silkcut
11326,pure
11329,broken
11335,pure
11338,broken
11340,broken
11342,pure
11349,broken
11352,discolored
11355,pure
11356,pure
11363,discolored
11366,pure
11372,discolored
11377,pure
11379,pure
11380,discolored
11393,pure
11394,broken
11395,broken
11403,broken
11404,pure
11405,broken
11407,broken
11408,broken
11409,broken
11410,broken
11417,broken
11418,broken
11446,pure
11449,pure
11450,broken
11457,broken
11459,pure
11460,discolored
11463,pure
11468,broken
11469,broken
11481,silkcut
11483,pure
11484,broken
11500,pure
11504,silkcut
11512,pure
11520,pure
11521,pure
11527,pure
11536,pure
11538,pure
11540,broken
11567,pure
11570,pure
11577,discolored
11581,pure
11607,discolored
11610,discolored
11613,pure
11614,pure
11621,pure
11622,pure
11635,broken
11654,silkcut
11662,pure
11666,pure
11667,broken
11669,pure
11677,silkcut
11688,silkcut
11689,discolored
11692,broken
11693,broken
11697,broken
11698,pure
11704,pure
11710,pure
11716,pure
11721,broken
11722,pure
11727,pure
11728,broken
11737,pure
11743,pure
11747,pure
11749,pure
11751,pure
11753,pure
11764,broken
11768,pure
11769,broken
11770,broken
11776,discolored
11778,discolored
11779,broken
11782,broken
11784,silkcut
11787,pure
11800,pure
11801,broken
11812,broken
11814,broken
11820,pure
11824,discolored
11828,broken
11845,broken
11846,pure
11861,broken
11868,pure
11869,pure
11875,pure
11880,discolored
11881,pure
11882,pure
11884,broken
11888,broken
11889,pure
11890,broken
11891,pure
11904,pure
11907,broken
11910,pure
11913,pure
11923,silkcut
11929,pure
11935,pure
11937,pure
11951,discolored
11955,broken
11959,broken
11961,pure
11962,silkcut
11963,pure
11969,pure
11973,broken
11974,broken
11976,broken
11990,pure
11998,pure
12002,pure
12012,silkcut
12015,pure
12017,pure
12020,discolored
12021,pure
12043,pure
12046,pure
12048,pure
12049,silkcut
12062,pure
12082,pure
12086,pure
12089,discolored
12091,broken
12094,pure
12098,pure
12102,pure
12113,silkcut
12136,silkcut
12145,pure
12146,pure
12150,broken
12153,pure
12157,broken
12161,pure
12164,broken
12166,broken
12175,pure
12186,broken
12191,broken
12193,broken
12199,discolored
12206,broken
12208,silkcut
12216,broken
12219,pure
12220,broken
12224,pure
12226,pure
12235,broken
12245,broken
12259,broken
12273,pure
12274,broken
12283,broken
12289,broken
12298,broken
12299,pure
12302,broken
12312,broken
12316,pure
12324,discolored
12328,pure
12333,broken
12349,pure
12353,broken
12354,pure
12355,broken
12358,pure
12369,broken
12372,broken
12375,pure
12385,pure
12388,pure
12392,pure
12399,broken
12402,pure
12404,broken
12405,broken
12418,pure
12424,pure
12437,broken
12440,pure
12441,pure
12468,pure
12471,broken
12474,pure
12476,pure
12478,silkcut
12479,pure
12484,broken
12492,pure
12494,pure
12496,broken
12502,pure
12505,broken
12506,pure
12511,pure
12512,pure
12513,discolored
12517,pure
12523,broken
12529,broken
12533,broken
12534,pure
12536,broken
12537,broken
12541,pure
12544,silkcut
12549,pure
12553,broken
12554,pure
12555,broken
12559,pure
12560,silkcut
12561,pure
12562,silkcut
12566,broken
12568,pure
12569,pure
12581,pure
12582,pure
12583,pure
12591,pure
12597,pure
12599,discolored
12600,broken
12605,broken
12610,broken
12616,pure
12620,pure
12621,broken
12626,pure
12629,pure
12630,pure
12631,broken
12633,discolored
12636,pure
12639,pure
12640,broken
12651,broken
12655,broken
12658,broken
12660,pure
12663,pure
12669,discolored
12673,broken
12675,broken
12679,discolored
12680,broken
12681,silkcut
12685,discolored
12694,discolored
12695,discolored
12703,discolored
12705,broken
12707,pure
12708,pure
12720,pure
12722,broken
12729,pure
12748,pure
12757,pure
12759,broken
12760,broken
12763,discolored
12765,pure
12770,pure
12779,pure
12780,pure
12781,broken
12790,pure
12792,broken
12794,pure
12795,silkcut
12806,broken
12809,pure
12814,pure
12818,broken
12820,broken
12824,pure
12826,pure
12830,pure
12843,discolored
12845,broken
12846,broken
12849,discolored
12863,discolored
12872,pure
12874,pure
12875,pure
12878,pure
12879,pure
12890,pure
12895,pure
12907,broken
12917,discolored
12931,pure
12934,pure
12938,pure
12939,discolored
12940,broken
12943,broken
12946,broken
12948,broken
12954,broken
12959,pure
12960,pure
12966,discolored
12974,pure
12979,pure
12983,pure
12994,silkcut
13005,pure
13011,broken
13012,broken
13013,pure
13017,broken
13018,broken
13023,broken
13035,broken
13036,pure
13038,silkcut
13041,pure
13045,broken
13048,pure
13050,broken
13051,broken
13056,pure
13059,silkcut
13067,discolored
13070,pure
13074,pure
13087,discolored
13088,silkcut
13097,pure
13106,broken
13110,discolored
13118,broken
13126,pure
13128,broken
13129,pure
13131,broken
13136,broken
13150,silkcut
13152,broken
13156,pure
13162,pure
13166,broken
13172,broken
13174,pure
13182,discolored
13184,discolored
13188,broken
13190,discolored
13191,discolored
13194,pure
13196,broken
13198,broken
13199,broken
13206,broken
13212,discolored
13221,broken
13222,pure
13223,broken
13224,broken
13225,pure
13227,broken
13234,discolored
13236,broken
13238,broken
13242,pure
13256,discolored
13259,broken
13266,broken
13271,silkcut
13272,silkcut
13275,broken
13278,broken
13283,pure
13287,pure
13293,broken
13296,pure
13301,broken
13313,broken
13316,pure
13318,discolored
13324,broken
13329,pure
13332,broken
13334,broken
13337,discolored
13339,broken
13346,broken
13349,silkcut
13354,broken
13358,discolored
13362,pure
13368,broken
13374,broken
13381,broken
13384,pure
13386,pure
13388,broken
13394,broken
13397,broken
13407,pure
13409,pure
13412,pure
13417,pure
13420,broken
13423,pure
13425,pure
13432,broken
13433,pure
13440,silkcut
13441,pure
13455,broken
13456,pure
13457,silkcut
13460,pure
13468,pure
13481,pure
13490,pure
13501,discolored
13503,pure
13511,pure
13515,broken
13518,pure
13522,pure
13524,broken
13534,pure
13535,pure
13539,pure
13543,broken
13544,broken
13548,pure
13551,pure
13557,discolored
13558,pure
13567,broken
13573,broken
13574,silkcut
13579,broken
13587,discolored
13588,discolored
13592,broken
13593,broken
13594,pure
13597,pure
13600,broken
13602,pure
13611,broken
13617,discolored
13620,pure
13621,broken
13624,pure
13631,pure
13635,pure
13639,broken
13643,broken
13645,pure
13648,pure
13650,pure
13652,pure
13655,broken
13656,pure
13658,discolored
13692,discolored
13709,discolored
13712,pure
13716,pure
13717,silkcut
13720,pure
13733,pure
13734,broken
13735,pure
13740,silkcut
13746,pure
13760,pure
13761,pure
13763,pure
13774,pure
13780,pure
13781,broken
13784,broken
13787,broken
13792,broken
13807,broken
13819,broken
13823,broken
13826,pure
13829,discolored
13832,pure
13837,silkcut
13842,broken
13844,silkcut
13846,broken
13849,pure
13855,pure
13857,broken
13861,silkcut
13873,broken
13874,pure
13875,discolored
13884,pure
13903,broken
13904,pure
13905,pure
13906,pure
13908,broken
13910,pure
13915,broken
13922,pure
13923,broken
13929,silkcut
13930,pure
13937,pure
13938,pure
13942,pure
13950,pure
13957,silkcut
13958,pure
13980,silkcut
13986,pure
13990,pure
13998,pure
14014,pure
14023,pure
14027,broken
14030,pure
14035,broken
14036,pure
14039,broken
14047,pure
14055,discolored
14062,broken
14064,broken
14071,discolored
14072,pure
14073,pure
14083,broken
14091,broken
14095,pure
14101,broken
14102,discolored
14103,pure
14110,pure
14112,broken
14117,pure
14128,broken
14129,pure
14132,broken
14137,broken
14145,broken
14172,broken
14176,broken
14179,silkcut
14186,pure
14188,pure
14194,pure
14215,pure
14221,silkcut
14229,discolored
14238,broken
14256,broken
14259,pure
14262,pure
14264,pure
14266,pure
14267,broken
14273,broken
14277,broken
14278,broken
14285,broken
14302,pure
14308,broken
14309,silkcut
14314,pure
14315,discolored
14316,pure
14318,pure
14337,broken
14338,pure
14340,pure
14344,broken
14350,broken
14351,pure
14355,pure
14361,silkcut
14367,broken
14384,pure
14393,broken
14396,pure
14401,discolored
14402,broken
14409,pure
14422,pure
14426,silkcut
14430,pure
14437,pure
14441,broken
14446,pure
14448,pure
14449,silkcut
14456,broken
14457,silkcut
14460,broken
14472,pure
14473,pure
14474,silkcut
14479,pure
14485,pure
14496,broken
14500,pure
14503,broken
14505,discolored
14519,broken
14531,pure
14532,silkcut
14544,pure
14548,pure
14555,broken
14558,pure
14572,pure
14576,pure
14587,pure
14599,discolored
14605,broken
14608,broken
14611,pure
14613,broken
14614,pure
14617,silkcut
14618,pure
14622,broken
14623,pure
14624,pure
14626,pure
14628,pure
14634,broken
14639,broken
14641,silkcut
14642,discolored
14644,pure
14649,pure
14656,pure
14657,pure
14663,pure
14664,broken
14667,pure
14668,discolored
14671,pure
14673,pure
14677,broken
14678,broken
14679,discolored
14684,silkcut
14688,broken
14689,pure
14690,pure
14698,pure
14708,broken
14712,broken
14717,pure
14726,silkcut
14728,broken
14731,broken
14732,silkcut
14735,broken
14737,discolored
14738,discolored
14743,pure
14748,pure
14755,broken
14767,broken
14770,pure
14771,pure
14778,pure
14794,broken
14811,discolored
14815,broken
14819,pure
14820,broken
14822,pure
14823,broken
14826,pure
14830,silkcut
14834,broken
14837,pure
14842,pure
14843,silkcut
14848,pure
14850,discolored
14859,pure
14861,pure
14867,pure
14872,broken
14876,broken
14877,discolored
14886,pure
14902,pure
14905,pure
14907,broken
14939,pure
14948,broken
14958,silkcut
14971,discolored
14974,pure
14987,broken
14989,pure
14993,broken
15010,silkcut
15012,pure
15016,pure
15020,broken
15022,pure
15024,pure
15031,pure
15032,discolored
15034,silkcut
15039,silkcut
15046,broken
15050,silkcut
15051,pure
15054,pure
15056,broken
15070,broken
15072,pure
15075,broken
15077,pure
15087,broken
15090,pure
15094,broken
15099,broken
15105,pure
15106,pure
15110,broken
15118,silkcut
15125,pure
15136,broken
15138,broken
15142,broken
15147,pure
15155,pure
15156,broken
15157,pure
15170,broken
15172,discolored
15175,pure
15177,silkcut
15184,broken
15189,pure
15204,broken
15210,pure
15215,pure
15216,pure
15220,broken
15232,pure
15234,discolored
15235,pure
15241,pure
15257,broken
15261,broken
15271,broken
15280,broken
15282,pure
15284,pure
15287,pure
15290,discolored
15291,silkcut
15292,broken
15311,silkcut
15316,pure
15327,broken
15331,pure
15333,broken
15344,broken
15347,discolored
15349,silkcut
15357,pure
15365,pure
15366,discolored
15368,pure
15378,discolored
15387,broken
15397,pure
15405,broken
15411,broken
15416,silkcut
15423,broken
15425,discolored
15428,broken
15439,broken
15440,broken
15447,broken
15448,pure
15452,broken
15456,discolored
15461,pure
15464,pure
15474,broken
15475,pure
15483,pure
15485,pure
15491,pure
15493,broken
15502,pure
15503,pure
15507,broken
15514,pure
15530,broken
15532,discolored
15533,pure
15536,discolored
15539,silkcut
15547,pure
15551,silkcut
15552,pure
15566,broken
15571,pure
15577,pure
15585,silkcut
15591,pure
15594,broken
15600,pure
15602,broken
15606,broken
15608,silkcut
15611,pure
15613,pure
15618,discolored
15619,broken
15624,broken
15626,pure
15627,pure
15631,broken
15637,pure
15639,discolored
15641,broken
15648,broken
15653,broken
15664,pure
15673,broken
15678,silkcut
15686,pure
15687,discolored
15694,pure
15701,pure
15702,broken
15704,broken
15706,broken
15707,broken
15711,broken
15712,broken
15718,discolored
15721,silkcut
15722,pure
15728,broken
15741,pure
15747,broken
15756,broken
15757,discolored
15758,broken
15760,broken
15769,broken
15780,pure
15786,discolored
15787,broken
15798,pure
15800,silkcut
15803,silkcut
15810,pure
15811,pure
15820,silkcut
15834,broken
15843,pure
15844,discolored
15845,pure
15846,broken
15847,broken
15856,broken
15858,pure
15872,broken
15876,pure
15877,silkcut
15880,pure
15881,pure
15882,pure
15884,pure
15885,silkcut
15890,pure
15893,pure
15900,broken
15911,broken
15922,broken
15925,broken
15943,pure
15947,silkcut
15949,pure
15952,broken
15958,broken
15961,pure
15962,pure
15976,silkcut
15989,pure
15993,pure
15995,broken
16003,broken
16005,pure
16007,discolored
16008,broken
16013,broken
16017,broken
16027,broken
16028,pure
16032,broken
16034,silkcut
16049,discolored
16051,silkcut
16052,pure
16054,silkcut
16056,broken
16057,broken
16060,broken
16076,broken
16080,pure
16087,discolored
16092,pure
16094,pure
16095,broken
16104,pure
16109,discolored
16110,broken
16115,pure
16118,discolored
16137,pure
16138,pure
16144,silkcut
16152,broken
16159,broken
16163,discolored
16172,discolored
16178,broken
16190,silkcut
16191,pure
16200,pure
16207,broken
16215,pure
16224,pure
16226,broken
16228,broken
16229,silkcut
16230,discolored
16234,pure
16236,broken
16246,silkcut
16247,silkcut
16260,broken
16263,discolored
16264,pure
16268,broken
16281,pure
16282,silkcut
16286,pure
16297,broken
16301,silkcut
16305,pure
16307,broken
16313,pure
16316,pure
16317,discolored
16328,pure
16355,pure
16356,broken
16357,silkcut
16358,silkcut
16363,broken
16367,broken
16373,broken
16380,silkcut
16392,broken
16396,silkcut
16399,pure
16403,broken
16408,pure
16416,broken
16417,pure
16418,silkcut
16420,broken
16424,pure
16426,broken
16428,pure
16430,broken
16434,pure
16441,pure
16442,broken
16444,broken
16450,broken
16457,broken
16458,broken
16469,broken
16475,broken
16476,broken
16487,pure
16488,broken
16489,silkcut
16491,pure
16494,broken
16502,broken
16506,broken
16522,pure
16524,pure
16530,pure
16541,pure
16543,pure
16544,broken
16546,discolored
16548,broken
16551,pure
16553,pure
16565,pure
16591,pure
16598,broken
16600,pure
16601,pure
16602,silkcut
16604,broken
16608,pure
16609,broken
16617,broken
16630,broken
16636,broken
16638,pure
16643,pure
16648,pure
16652,pure
16661,discolored
16669,broken
16672,broken
16677,pure
16679,silkcut
16686,discolored
16695,broken
16696,pure
16701,pure
16710,pure
16712,discolored
16713,broken
16715,broken
16726,pure
16739,silkcut
16741,pure
16755,pure
16758,pure
16759,broken
16762,silkcut
16766,pure
16774,pure
16780,broken
16782,broken
16789,broken
16798,broken
16806,broken
16812,broken
16817,pure
16823,broken
16829,discolored
16833,broken
16835,pure
16840,broken
16845,silkcut
16853,silkcut
16869,pure
16870,broken
16872,broken
16873,silkcut
16875,pure
16880,silkcut
16896,silkcut
16903,broken
16911,broken
16920,discolored
16923,broken
16927,pure
16928,discolored
16944,pure
16948,discolored
16950,pure
16952,pure
16958,broken
16968,pure
16970,broken
16977,pure
16981,pure
16984,broken
16985,pure
16986,pure
16991,broken
17003,broken
17006,pure
17010,pure
17011,pure
17015,pure
17021,pure
17024,broken
17030,pure
17035,broken
17039,broken
17041,broken
17042,broken
17062,broken
17064,pure
17066,broken
17067,broken
17072,pure
17074,pure
17077,pure
17081,broken
17088,discolored
17091,broken
17095,pure
17100,broken
17115,broken
17116,broken
17118,broken
17119,broken
17120,discolored
17125,discolored
17126,discolored
17129,broken
17132,pure
17134,broken
17140,broken
17143,silkcut
17146,pure
17158,broken
17166,broken
17167,broken
17172,broken
17176,broken
17179,discolored
17184,broken
17189,pure
17194,broken
17218,silkcut
17220,broken
17226,pure
17232,pure
17235,broken
17238,pure
17243,discolored
17245,pure
17247,broken
17262,silkcut
17264,pure
17287,pure
17293,broken
17313,pure
17319,broken
17331,broken
17341,broken
17344,discolored
17350,pure
17354,broken
17359,pure
17362,broken
17365,broken
17366,pure
17369,discolored
17372,broken
17376,pure
17385,pure
17386,discolored
17397,broken
17400,broken
17408,broken
17413,pure
17415,broken
17419,broken
17420,pure
17425,pure
17428,pure
17433,broken
17435,broken
17437,pure
17439,pure
17442,pure
17448,pure
17450,broken
17455,silkcut
17456,broken
17457,pure
17458,silkcut
17464,pure
17470,pure
17478,silkcut
17499,broken
17501,pure
17509,broken
17512,pure
17517,silkcut
17523,discolored
17528,broken
17534,broken
17535,pure
17538,pure
17544,pure
17548,broken
17550,broken
17553,discolored
17559,discolored
17561,pure
17562,pure
17570,pure
17571,discolored
17572,broken
17575,broken
17587,pure
17590,broken
17591,pure
17599,pure
17604,broken
17608,broken
17613,pure
17614,broken
17619,broken
17620,pure
17622,pure
17623,broken
17626,broken
17631,broken
17632,pure
17642,pure
17644,pure
17647,pure
17653,broken
17658,broken
17660,pure
17661,pure
17662,pure
17664,broken
17678,broken
17681,broken
17682,broken
17684,pure
17689,silkcut
17690,pure
17697,silkcut
17710,pure
17717,broken
17729,pure
17731,broken
17732,broken
17734,broken
17735,discolored
17738,broken
17739,pure
17768,broken
17770,pure
17771,pure
17775,discolored
17781,pure
17790,pure
17794,pure
17798,pure
